{
"教員": [
  {"名前": "大島裕明",
  "所属": {"大学": "兵庫県立大学", "学部": "社会情報科学部"},
  "担当科目": [
    {"科目名": "データ構造とアルゴリズム", "時限": 1, "履修者数": 304},
    {"科目名": "基礎演習", "時限": 4, "履修者数": 213},
    {"科目名": "情報マネジメント", "時限": 3, "履修者数": 113 }
  ]
  },
  {"名前": "湯本高行",
  "所属": {"大学": "兵庫県立大学", "学部": "社会情報科学部"},
  "担当科目": [
    {"科目名": "データマイニング", "時限": 2, "履修者数": 202},
    {"科目名": "データ分析演習", "時限": 4, "履修者数": 130},
    {"科目名": "プログラミング2", "時限": 3, "履修者数": 163},
    {"科目名": "社会データ分析"}
  ]
  },
  {"名前": "山本岳洋",
  "所属": {"大学": "兵庫県立大学", "学部": "社会情報科学部"},
  "担当科目": [
    {"科目名": "プログラミング3", "時限": 3, "履修者数": 103},
    {"科目名": "データ分析演習", "時限": 4, "履修者数": 130},
    {"科目名": "情報アクセスシステム"}
  ]
  }
]
}
